app_id,popularity
4855,High
3171,Low
7424,High
8710,High
6257,High
3900,High
7416,High
1697,High
5891,High
6226,High
9328,High
2666,High
6250,Low
5384,High
2740,High
3698,High
6140,High
4936,High
5410,High
4504,High
6936,High
5669,High
1881,High
7839,High
6652,Low
4139,High
684,High
6191,High
5283,High
6705,Low
5486,High
2490,High
9172,High
5523,High
8313,High
5303,High
9454,High
4757,High
4585,High
1716,High
8913,Low
6763,High
2258,High
2581,High
4819,High
4164,High
5517,High
2410,High
2043,High
3260,High
6595,High
1921,High
6926,High
3898,High
5855,High
8598,High
8125,High
20,High
8850,High
1839,High
4643,High
1450,High
2355,High
2110,High
9372,Low
250,High
6844,High
5584,High
677,High
2610,High
7402,High
6592,High
7944,High
9497,High
8308,High
3516,High
8796,High
3907,High
8281,High
1823,High
6444,High
5275,High
7518,High
6009,High
5399,High
541,High
4961,High
9297,High
2307,High
5235,High
1382,High
5538,High
8991,High
6182,High
5842,High
4916,High
4586,High
8994,High
2385,High
1027,High
1434,High
9579,High
5693,High
8628,High
2923,High
3708,Low
3316,High
4191,High
2970,High
5016,High
8262,High
7676,High
2320,High
9556,High
5593,High
7740,High
7056,High
7316,High
3504,High
3571,High
149,High
492,High
2561,High
8510,High
7791,High
8975,High
6384,High
9559,High
3251,High
8456,High
4961,High
2838,High
5835,High
9569,High
1586,High
7848,High
368,High
6814,High
7890,High
9168,High
5421,High
2239,High
8928,High
3937,High
8715,High
3416,High
8080,High
3631,High
2707,High
3356,High
7496,High
4649,High
2269,High
977,High
5182,High
5058,High
1112,High
4856,High
8848,High
1677,High
8658,High
8705,High
110,High
4385,High
5601,High
6769,High
83,Low
407,High
8214,High
5275,High
3239,High
2852,High
5262,High
7707,High
8480,High
1969,High
6881,High
4588,Low
9218,High
3724,Low
1689,High
5936,High
7145,High
9258,High
4902,High
8801,High
8130,High
6051,High
2235,High
9229,High
1358,High
4020,High
4429,High
2548,High
8371,High
4319,High
2855,High
3717,High
9192,High
6835,High
160,Low
115,Low
5104,High
8720,High
6164,High
7051,High
6670,High
2882,High
6417,High
2840,High
1913,High
613,High
7257,High
2678,High
9301,High
7180,High
5645,High
5355,High
9542,High
8553,High
7828,High
4350,High
6521,High
232,High
5536,High
1859,High
3503,High
6008,High
1707,High
6017,High
8833,High
9313,High
709,High
3815,High
4375,High
8551,High
7339,High
7101,Low
2448,High
5740,High
327,High
4346,High
3628,High
4797,High
3995,High
3097,High
3139,High
5926,High
5733,High
9343,High
1074,High
2669,Low
9620,High
8958,High
657,High
8500,High
629,High
9305,High
6856,High
9226,High
2568,High
4628,High
4947,High
2549,High
674,High
4686,High
8814,High
4900,High
4252,High
3034,High
1363,High
6783,High
9154,Low
7097,High
6875,High
7090,High
7594,High
7055,Low
5899,High
7192,High
3008,High
6642,High
679,High
9295,High
9057,High
5952,High
1100,Low
7476,High
4829,High
1566,High
6483,High
7380,High
6183,High
7843,High
2567,High
7797,High
5403,High
4693,High
6205,High
8759,High
9333,High
21,High
4154,High
3967,High
5508,High
5745,High
8049,High
6974,High
3230,High
9159,High
2328,High
8517,High
8966,High
4546,High
1424,High
7271,High
4345,High
7151,High
6135,High
8984,High
9393,Low
372,High
3351,High
4872,High
61,High
610,High
5097,High
3172,High
5415,High
415,High
8250,High
4893,High
3309,High
3001,Low
6803,High
3140,High
4912,High
4369,High
5078,High
2109,High
5454,High
4851,High
9552,High
166,High
983,High
2469,High
5564,High
7168,High
6077,Low
8157,High
8866,High
287,High
628,High
8080,High
258,High
5272,High
6555,High
8243,High
1294,High
2083,High
5362,High
8550,High
1244,High
7200,High
8425,High
9120,High
5306,High
6327,High
562,High
5671,High
637,High
7400,High
2971,High
8816,High
5184,High
2365,High
8903,High
3635,High
9194,High
1557,High
4526,High
2465,High
5708,High
1537,High
3644,High
2778,High
9542,High
4621,High
4113,High
4245,High
6427,High
3948,High
4703,High
7896,High
2989,High
6946,High
4066,High
5911,High
9516,High
9479,High
4847,High
4549,High
8291,High
521,High
903,High
7910,High
7529,High
4173,High
6194,High
9078,High
5994,High
9303,High
572,High
8207,High
3280,High
1658,High
1375,High
9095,High
5246,High
6393,High
4623,High
5386,High
5941,High
1619,High
1929,High
895,High
6613,High
4495,High
5247,High
8961,High
1429,High
9501,High
6640,High
1269,High
8790,High
3377,High
4003,High
8286,High
6270,High
5752,High
2745,High
5915,High
2180,High
3286,High
4000,High
9505,High
9063,High
9171,High
5448,High
2763,High
6374,High
4379,High
8596,High
1588,High
5922,High
8359,High
7050,High
7872,High
8380,High
3190,High
2314,High
3144,High
3726,High
8041,High
2583,High
8574,High
7560,High
5999,High
9065,High
3307,High
4057,High
737,High
7699,High
7401,High
8263,High
3215,High
7779,High
3299,High
2486,High
6532,High
9062,High
7412,High
118,Low
1602,High
56,High
3747,High
627,High
9014,High
5248,High
8792,High
1007,High
9525,High
4631,High
2702,High
4870,High
639,High
4466,High
3731,High
6442,High
2363,High
112,High
36,High
7205,High
8931,High
4571,High
9423,High
9481,High
892,High
7091,High
8582,High
6246,High
84,High
4926,High
5582,High
841,Low
5274,High
3467,High
4832,High
4689,High
7878,High
1205,High
4764,High
8660,High
7388,High
8052,High
1038,Low
1651,High
189,High
4055,High
7165,High
5825,High
5982,High
7142,High
9336,High
6428,High
899,High
7444,High
853,High
6123,High
9612,High
2681,High
9315,High
2119,High
2412,High
3887,High
5860,High
2156,High
8898,High
6722,High
1166,High
4075,High
9256,High
762,High
8098,High
3641,Low
727,High
6620,High
1835,High
5124,High
9521,High
3405,High
2270,High
5010,High
8168,High
6049,High
8869,High
9026,High
1488,High
4917,High
5443,High
6717,High
6309,High
2422,High
4009,High
6627,High
1443,High
3865,High
6619,High
4539,High
2985,High
1660,High
1264,High
7,High
4578,High
6790,High
7756,High
5288,High
206,High
1221,Low
2003,High
8040,High
3250,High
1594,High
8890,High
7535,High
8884,High
8968,High
2773,High
6491,High
8340,Low
6016,High
5177,High
9473,High
9296,High
6317,High
6227,High
4808,High
9050,High
5658,High
3888,High
5468,High
5427,High
4603,High
2650,High
9319,High
3894,High
4005,High
2154,High
1441,High
6045,High
9653,High
1428,High
6983,High
4399,High
338,High
8001,High
2727,High
6838,High
7245,High
3417,High
4306,High
1617,High
8784,High
1271,High
768,High
24,High
1033,High
8914,High
4666,High
2911,High
4195,High
1444,High
3485,High
8388,High
8600,High
6467,High
9283,High
2342,High
385,Low
7066,High
3740,High
5739,High
4105,High
6126,High
4555,High
5290,High
8791,High
498,High
2347,High
7517,Low
1919,High
5344,High
326,Low
4568,High
2621,High
775,High
6173,Low
6694,High
5172,High
6928,High
7633,High
6365,High
5575,High
830,High
9233,High
101,High
6032,High
1190,High
6166,High
2275,High
4008,High
4935,High
6962,High
8984,High
9576,High
1432,High
4512,High
6263,High
6370,High
8577,High
7722,High
9588,High
867,High
3208,High
8923,High
6192,High
1453,High
4317,High
4806,High
6602,High
2346,High
1941,High
7464,High
3918,High
8689,High
4664,High
6228,High
6741,High
6348,High
1513,High
3558,Low
2392,High
2597,High
7475,High
2076,High
1887,High
9544,High
6285,High
68,High
5993,High
1909,High
6851,High
7943,Low
606,High
4276,High
9421,High
7148,High
3118,High
4524,High
2084,High
589,High
5569,High
3843,High
6897,High
8356,High
1016,High
8563,High
3198,High
4830,High
5652,High
1517,High
7568,High
1194,High
8165,High
6629,Low
3717,High
107,Low
412,High
8776,High
752,High
9629,High
8118,High
5996,High
6396,High
4594,High
6243,High
3877,High
196,High
8124,Low
1616,High
5654,High
6127,High
4461,High
6747,High
60,High
2273,High
6819,High
6952,High
4199,Low
5920,High
4632,High
1005,High
5252,High
7009,High
5897,High
5728,Low
6357,Low
2409,High
2433,High
567,High
7073,High
5854,High
9456,High
9399,High
4626,High
3903,High
6793,High
1256,High
5140,High
7291,High
293,High
8505,High
9143,High
6002,High
8813,High
3567,High
3541,High
3480,High
4363,High
9308,High
3143,High
1266,High
4792,High
4655,Low
5666,High
1796,High
9377,High
8972,Low
2196,High
1029,High
6796,High
4961,High
1248,High
5984,High
7453,Low
3559,High
7269,High
4307,High
8917,High
6517,High
7414,High
5964,High
6432,High
9636,High
6801,High
9414,High
1490,High
2335,High
6797,High
6050,High
3407,High
839,High
9304,High
5181,High
5038,High
7862,High
5702,High
70,High
1931,High
3222,High
7830,High
2845,High
8424,High
848,High
1473,High
2034,High
4736,High
8282,Low
5704,High
3545,High
1009,High
7634,High
3876,High
993,High
4185,High
7733,High
8225,High
722,High
2304,High
4514,High
3482,High
850,High
7014,High
4857,High
3935,High
5255,High
6748,High
9628,High
551,High
6622,Low
3646,Low
4315,High
8180,High
5088,High
5560,High
7129,Low
5828,High
2508,High
2177,High
9524,High
5005,High
6540,High
8737,High
4445,High
1935,High
6699,High
6292,High
4686,High
1125,High
4391,High
2644,High
5600,High
1327,High
5156,High
2753,High
7505,Low
9192,High
1669,High
3922,High
7611,High
6271,High
4803,High
786,High
5294,High
8687,Low
8517,High
5571,High
6931,High
4248,High
7255,High
3730,High
8579,High
4454,High
1288,High
9476,High
5671,High
5767,High
6623,High
2297,High
4032,High
9450,High
7983,High
2477,High
7816,High
9500,High
168,High
4734,High
9406,High
8699,High
696,High
7227,High
4465,High
7759,Low
6015,High
2592,High
1801,High
9407,High
6969,High
5840,High
6889,High
5682,High
5296,High
7556,High
8008,High
8078,High
8692,High
3014,High
4884,High
8763,High
8606,High
2836,High
7080,Low
3012,High
111,High
6114,High
57,High
1552,High
3392,High
3123,High
6132,High
7720,Low
2338,High
5163,High
2362,High
2332,High
4869,High
8478,High
91,High
7702,High
3971,High
6556,High
6398,High
5227,High
4505,High
4690,High
9151,Low
527,High
31,High
6861,High
6324,High
2723,High
2477,High
9176,High
514,High
6465,High
2488,High
9208,High
53,High
95,High
2368,High
5105,High
7649,Low
1993,High
1862,High
4805,High
9324,High
3173,High
3404,High
5282,High
3933,Low
2860,High
9385,High
44,High
3868,High
6669,High
5721,High
8695,High
5230,High
2529,High
3084,Low
5356,High
6276,High
5202,High
7997,High
4568,High
8277,High
8431,High
974,High
8703,High
9508,High
7585,High
2364,High
6834,High
8395,High
6278,High
6601,High
1051,High
237,Low
7189,High
9219,High
7521,High
5244,High
688,High
6508,High
7710,High
3431,High
688,High
4745,High
9163,High
6933,High
4769,High
5500,High
2480,High
4134,High
6757,High
1383,High
1270,High
623,High
4729,High
8585,High
5369,High
1690,High
6538,High
1693,High
4093,High
7732,High
3171,Low
8034,High
9341,High
3008,High
3368,High
9327,High
622,High
486,High
4079,High
5717,High
4976,High
9447,High
2206,High
1978,High
5539,High
9080,Low
7302,High
1681,Low
2423,High
4111,High
2685,High
9297,High
5566,High
4033,High
3804,High
8240,High
1795,High
2257,High
359,High
455,High
4515,High
2014,High
1418,High
2212,Low
6098,High
2589,High
584,High
3500,High
1477,High
982,High
5128,High
1682,High
4833,High
8754,High
3507,High
4395,High
5481,High
8074,High
1777,High
9589,High
8193,High
3598,Low
1486,High
478,High
6258,High
7939,High
2005,High
2445,High
4924,High
3401,High
2615,High
1718,High
7237,High
703,High
6883,High
6492,High
6641,High
27,High
7810,Low
2430,High
8668,High
7788,High
5073,High
6713,High
3243,High
496,High
4640,High
4325,High
2322,High
3056,High
9459,High
4948,Low
1338,High
1410,High
185,High
5987,Low
2793,High
2165,High
9585,High
1684,High
2771,High
54,High
8738,High
380,High
1285,High
3067,High
8949,High
790,High
3425,High
8253,High
8872,High
6557,High
9417,High
3731,High
8459,High
2289,High
3730,High
4615,High
2453,High
8828,High
9003,High
6425,High
5164,High
336,Low
1817,High
7468,High
8637,High
797,Low
6441,High
4777,High
3042,High
2452,High
9602,High
1636,High
4286,High
1732,High
719,High
3081,High
6661,High
2672,Low
4980,High
2166,High
7773,High
7721,High
4600,High
5080,Low
1387,High
2642,High
4149,High
3607,High
325,High
2540,High
1002,High
7785,High
2343,High
693,High
1206,High
8954,High
6089,High
4430,High
3381,High
7392,Low
963,High
5916,High
573,High
4017,High
128,High
4950,High
2920,High
4266,High
4809,High
1707,High
8247,High
1098,High
5576,Low
4958,Low
5875,High
6582,High
1218,High
6854,High
3283,High
3432,High
9071,High
5503,High
9222,High
6158,High
4669,High
480,High
9115,High
5224,High
8102,High
2332,High
8853,High
7030,High
5229,High
7908,High
4675,High
5192,High
5935,High
8264,High
9442,High
2146,High
6338,Low
1672,High
1573,Low
4883,High
8740,High
3293,High
3695,High
4291,Low
7781,High
7731,High
3502,High
8899,High
8043,Low
2729,High
6231,High
1558,High
3650,High
3341,Low
971,High
2798,High
388,High
2885,High
7823,High
665,High
6018,High
8634,High
9507,High
4021,High
9357,High
3928,High
1543,High
163,High
8270,High
8259,High
7691,High
9543,High
6141,High
4804,High
6535,High
1367,High
3091,High
5940,High
6044,High
5962,High
749,High
8980,High
5257,High
3263,Low
7277,High
5142,High
8653,High
1508,High
4577,High
8634,High
8508,High
8832,High
9577,High
2067,High
5944,High
2898,High
9344,High
8686,High
9123,High
2352,High
5165,High
1527,High
6806,High
5942,High
5271,Low
7788,High
7627,High
4839,High
7346,High
6088,High
3487,High
2612,High
1050,High
6341,High
6609,High
2086,High
8289,Low
779,High
803,High
6036,High
2011,High
8517,High
6906,High
1576,Low
5893,High
19,High
1649,High
9397,High
6198,Low
2655,High
6537,Low
2894,High
8365,High
9227,High
601,High
4836,High
1555,High
2600,High
1199,High
2577,High
2631,High
999,High
1465,High
194,High
3852,High
8338,High
7351,Low
1807,High
7621,High
1370,High
2974,High
6552,Low
3437,High
170,High
3504,High
992,High
9107,High
9557,High
2072,High
3967,High
3753,High
5127,High
3755,High
5946,High
1893,High
5872,High
8474,High
6495,High
3977,High
6426,High
6731,High
6515,High
6223,High
3395,High
7395,High
8057,High
364,High
4930,High
923,High
7483,High
5726,High
7770,High
4860,High
2789,High
8194,High
5198,High
4157,High
3564,High
8122,High
7404,High
1744,High
4440,High
203,High
1752,High
3344,High
383,High
2731,High
8799,High
936,High
5336,Low
3712,High
8392,High
5048,High
2415,High
8432,High
8248,High
1595,High
313,High
5613,High
2928,High
962,High
8627,High
5766,High
5028,High
5103,High
6656,High
6514,High
7397,High
1744,High
4986,High
4591,Low
1568,High
2248,High
4961,High
1800,High
7260,High
3480,High
1685,High
8113,High
7685,High
9126,High
7427,High
9390,High
6848,High
9011,High
4671,High
3802,High
5098,High
8764,High
9307,High
6870,High
1737,High
9339,High
1776,High
2930,Low
6055,High
3164,High
7528,High
3555,High
7981,High
2299,High
821,High
9073,High
4145,High
9182,High
6209,High
2542,High
683,High
6556,High
5151,High
4758,High
7059,High
971,High
5157,High
8824,High
7824,High
9082,High
453,High
8816,High
7313,Low
6910,High
1641,High
8834,High
2133,High
5334,High
3645,Low
7130,High
812,High
8988,High
914,High
6519,High
7609,High
5844,High
6137,High
7116,High
2440,High
9405,High
1840,High
2367,High
4341,High
7654,High
1715,High
8103,High
5540,High
9021,High
35,High
3548,High
7795,High
969,High
7648,High
7715,High
8622,High
3613,High
8613,Low
295,High
5099,High
7137,High
6712,High
4529,High
1847,High
9140,High
3202,High
5225,High
7808,High
7850,High
3683,High
7095,High
8187,High
5423,High
5528,High
677,High
1800,High
5819,High
2897,High
5487,High
3741,High
7209,High
9238,High
9195,High
5831,High
7814,High
3565,High
6600,High
4401,High
2822,High
9023,High
8641,High
1720,High
2317,High
2584,High
6493,High
8883,High
5162,High
5644,High
4705,High
9240,High
1607,High
2825,High
4405,High
2047,High
8402,High
5677,High
4812,High
978,High
6420,High
3831,High
8997,High
4998,High
2837,High
9346,High
5465,High
5799,High
9149,High
7111,High
5499,High
6191,High
1820,High
2227,High
3355,High
8537,High
5171,High
6248,High
7708,High
1371,High
7625,High
4323,High
4598,High
5826,Low
7572,High
4479,High
6124,High
9528,High
2050,High
301,High
3011,High
7287,Low
1086,High
1832,High
4979,High
1773,High
181,High
2858,High
1634,High
3073,High
8839,High
9183,High
522,High
7477,High
2737,High
4406,High
2421,High
3476,High
9596,High
362,High
8137,High
7536,High
1688,High
2909,High
4831,High
76,High
6344,High
1934,High
5019,High
5114,High
1608,High
4780,High
4972,High
6973,High
2210,Low
6601,High
5504,High
5220,High
6800,High
4761,High
8484,High
303,High
6423,High
7135,High
8894,High
9088,High
6087,High
6754,High
4879,High
4510,High
1800,High
3384,High
13,High
4978,High
5748,High
8436,High
6968,High
7001,High
8212,High
140,High
5228,Low
2351,High
7334,Low
6333,High
4913,High
3870,High
8765,High
2703,High
8963,High
1114,High
3220,High
2677,High
7884,High
1895,High
1365,High
4492,High
8082,High
6885,High
96,High
3990,High
8712,High
4332,High
3455,High
1204,High
4436,High
5084,High
1765,High
450,High
4545,High
7124,High
8948,High
2760,High
3480,High
4580,High
7600,High
6352,High
5992,High
4501,High
2280,High
5329,High
8647,High
1989,High
1120,High
4871,High
2435,High
675,Low
6391,High
3897,High
8757,High
3483,High
4516,High
6745,High
8674,High
6477,High
1430,High
1356,High
3700,Low
782,High
6245,Low
8428,High
5668,High
1521,High
9616,High
1171,High
639,High
9133,High
1995,High
9046,High
5797,High
3501,High
114,High
6658,High
1342,High
7370,High
8664,High
8956,High
3049,High
6310,High
1808,High
5453,High
5625,High
8973,Low
885,High
3330,High
81,High
2457,High
8598,High
4601,Low
2116,High
6513,High
6616,High
6533,High
6321,High
2643,High
8005,High
9269,High
6416,High
5395,High
878,High
798,High
6703,High
1702,High
2434,High
8472,High
6363,High
6063,Low
1885,High
8681,High
3029,High
6336,Low
1864,High
3821,High
8747,Low
7932,Low
3158,High
5612,High
4357,High
7219,High
1510,High
896,High
1515,High
5286,High
2059,High
7054,Low
4749,Low
5447,High
9179,High
1565,High
1858,High
8661,High
5700,High
944,High
3192,High
7605,High
8140,High
7845,High
9069,High
3294,High
8874,Low
298,High
8976,High
4841,High
615,High
7543,High
6893,High
7936,High
6963,High
7636,High
869,High
2127,High
1671,High
2032,High
3578,High
3498,High
3179,High
6643,High
6147,High
2899,High
4659,High
4361,High
5580,High
8979,High
2097,High
9556,High
8673,High
2406,High
1687,High
8862,High
7490,High
5834,High
7848,High
2625,High
8331,High
2585,High
2603,High
6791,High
7806,High
6247,High
553,High
5764,High
2622,High
4313,High
6598,High
102,High
5833,High
4068,High
1219,High
5732,High
7652,High
9234,High
3028,High
2711,High
2804,Low
6266,High
6831,High
8992,High
2138,High
8541,High
9587,High
2311,High
9146,High
2324,High
4416,High
3170,High
801,Low
329,High
62,High
3372,High
8789,High
3047,High
9197,High
8228,High
7033,High
9317,High
3491,Low
1061,High
7553,High
9360,High
267,High
5232,High
1770,High
2698,High
583,High
6810,High
2579,High
8698,High
4715,High
6563,High
8338,High
6798,High
8300,High
7890,High
2341,High
932,Low
2115,High
7535,High
7161,High
6488,High
1198,High
1577,High
7039,High
4724,High
6631,High
7822,High
7302,High
2752,High
8745,High
3078,High
473,High
8182,High
5357,High
2401,High
3760,High
2207,High
543,High
7154,High
733,High
4794,High
5020,High
774,High
308,High
4732,High
9226,High
1133,High
1701,High
5674,High
9592,High
8024,High
4932,High
1610,Low
1845,High
7000,High
1683,High
3488,Low
6708,Low
2987,High
9561,High
1754,High
9077,High
5512,High
4419,High
7245,High
9022,High
7914,High
3938,High
4082,High
7138,High
7204,High
5889,High
4541,High
2967,High
2817,Low
7579,High
7934,High
1377,High
2710,High
7729,High
5742,High
2009,High
6649,High
4433,High
1031,High
7114,High
2334,High
6206,Low
1372,High
6043,High
199,High
6882,High
7298,High
3374,High
2214,High
101,High
9127,High
3166,High
8025,High
344,High
8325,High
2634,High
7639,High
4673,High
6773,Low
771,High
156,High
6559,High
1653,High
6979,High
8819,High
9181,High
3169,High
7011,High
6995,High
9436,High
3453,High
1092,High
5197,High
9352,High
6269,High
2602,High
565,High
2796,High
7333,High
1475,High
4790,High
1999,High
1395,High
7040,High
2561,High
6148,High
6591,High
7356,High
5754,High
6221,High
8642,High
7429,High
2770,High
6826,High
3272,High
1414,High
8514,High
8761,High
6298,High
2738,High
1379,High
3655,Low
883,High
6188,High
6761,High
1487,High
4684,High
3180,High
4677,High
4480,High
8335,High
1712,High
3638,High
5965,High
7776,High
3369,High
2742,High
1037,High
302,High
5846,High
4987,High
9453,High
6330,High
9645,High
4465,High
1822,High
711,High
7926,High
2230,High
1226,High
5699,High
9462,High
4692,High
5775,High
3461,High
5734,High
8211,Low
3673,High
1816,High
6527,High
6197,High
1,High
8310,High
3382,High
9545,High
7688,High
1155,High
3161,High
523,High
8448,High
787,High
7378,High
1500,High
3522,High
7873,High
5885,High
7311,High
8213,High
4506,High
4520,High
8611,High
9013,High
1211,High
8129,High
4444,High
7188,High
7022,High
9017,High
153,High
4772,High
2213,High
4817,High
396,High
7026,High
8390,High
8610,High
2554,High
8788,High
6142,High
7885,High
9072,High
8648,High
3783,High
7076,High
1470,High
6028,High
7589,High
104,High
213,High
2951,High
4388,High
9586,High
8907,High
5485,High
2637,High
2313,High
8952,High
6151,High
8976,High
6575,High
529,High
7527,Low
8667,Low
2526,Low
393,High
5118,High
4685,High
1118,High
8133,High
2312,Low
813,High
9192,High
7456,High
9243,High
2919,High
97,High
7951,High
418,High
6289,High
2722,High
6655,High
2683,High
8095,High
7179,High
3719,High
8405,High
6430,High
7374,High
5765,High
7988,High
2470,High
7025,High
4984,High
2228,High
5130,High
986,High
8782,High
3851,High
4711,Low
6427,High
9107,High
5551,High
1815,High
1591,High
2689,High
5602,High
7074,High
7465,High
3874,High
9282,High
4155,High
5809,High
4071,High
8538,High
2624,High
4862,Low
8151,High
4652,High
4828,High
221,High
8561,High
9089,High
2984,High
5870,High
8205,High
5923,High
8909,High
1640,High
5241,High
7263,High
7874,High
3978,High
249,High
8179,High
3459,High
2514,High
7140,High
3814,High
2101,High
1934,High
2753,High
5149,High
1252,Low
257,High
195,High
4740,High
4576,High
9620,High
472,Low
4960,High
2964,High
8081,High
6238,High
9439,High
9634,High
2000,High
4712,High
2181,High
2298,High
575,High
3514,High
7697,High
9584,High
5404,High
6945,High
4130,High
7794,High
4717,High
1542,High
1220,High
4630,Low
7865,High
4459,High
26,High
2365,High
7231,Low
6660,High
5974,High
2437,High
861,High
3387,High
6075,High
5086,High
7125,High
9233,High
6531,High
8007,High
3364,High
6197,High
1706,High
204,High
9443,High
6458,High
7393,High
4172,High
4796,High
9263,High
6037,High
620,High
1272,High
6295,High
4903,High
518,High
8348,High
6729,High
9267,High
443,High
1293,High
1420,High
3911,High
784,High
2566,High
6085,High
9100,High
8373,High
7842,High
6378,High
5977,High
3426,High
2544,High
2983,High
4147,High
9496,High
6940,High
5637,High
2158,Low
2236,High
1744,High
1175,Low
4619,High
3004,High
6281,Low
4658,High
1104,High
705,High
7134,High
6144,High
815,High
1090,High
4594,High
9288,High
8970,High
9657,High
8497,High
1713,High
1497,High
4945,High
2847,High
8381,High
2226,High
7860,High
5008,High
4370,High
6729,High
6913,High
6293,High
9418,High
9607,High
1126,High
8239,High
6402,High
6584,High
8701,High
4498,High
8116,High
7354,High
7258,High
7387,High
2782,High
1526,High
3225,High
2912,High
8148,High
7031,High
6824,Low
506,High
8809,Low
8709,High
9519,High
9264,High
3492,High
3336,High
8112,Low
4209,High
4460,High
857,High
568,High
3560,High
6189,High
6880,High
2800,High
3825,High
3716,High
8580,High
482,High
9265,High
731,High
8433,High
9383,High
7922,High
3223,High
8496,High
4190,High
2534,High
2744,Low
509,High
7488,High
4627,High
4788,Low
9201,High
9028,High
7083,High
8859,High
8147,High
8533,High
7796,High
2286,High
844,High
1372,High
4779,High
3718,High
4634,High
3975,High
4466,High
2374,High
917,High
5702,High
8181,Low
7953,High
4696,High
280,High
7471,High
3006,High
3893,High
5191,High
9191,High
5425,High
9254,High
710,High
743,High
2358,High
5862,High
2069,High
5626,High
669,High
1627,High
777,High
3246,High
4651,High
1498,Low
9597,High
2400,High
6358,High
4721,High
4358,High
9085,High
4678,High
2425,High
6905,High
6807,High
8076,High
6938,High
8104,High
6511,High
3388,High
2183,High
7442,High
8174,High
7661,High
4674,High
2170,High
188,High
2799,High
863,High
532,High
4047,High
9546,High
1562,High
9124,High
9032,High
8411,High
5777,High
5358,High
9189,High
778,High
4285,High
3963,High
4445,High
252,High
7562,High
829,High
5975,High
4431,High
5119,High
2553,High
1152,High
9239,High
1539,High
7632,Low
285,High
3469,High
3406,High
1841,High
7045,High
4189,High
5217,High
8644,High
4552,Low
9297,High
7343,Low
1609,High
5383,High
5816,High
6977,High
3195,High
6743,Low
7141,High
7061,High
456,High
378,High
4100,High
8189,High
6590,High
8068,High
1201,Low
609,High
745,High
3093,High
3886,High
1407,High
2523,High
7541,High
4052,High
1116,High
1079,High
2332,High
1373,High
8615,High
2149,High
1759,High
2302,High
8675,High
2360,High
8354,High
4683,High
8248,High
9591,High
2595,High
4921,High
6284,High
7302,High
9532,High
2827,High
8204,High
9630,High
3946,High
5087,High
5108,High
9494,High
3980,High
6861,High
8384,High
4665,High
6610,High
5588,High
6095,Low
8195,High
3728,Low
505,High
3533,High
8036,High
8162,High
4921,High
5237,High
9178,High
8226,Low
3030,High
7774,High
47,High
6397,High
4256,High
8037,High
1638,High
7859,High
3456,High
469,High
6215,High
29,High
3376,High
4606,High
5034,High
6069,High
4670,High
6672,High
5215,High
2587,High
2878,High
1785,High
773,High
6949,High
8046,High
4809,High
9384,High
78,High
5714,High
7758,High
639,High
3458,High
7920,High
8758,High
6715,High
3018,High
2339,High
6086,High
6812,High
4890,High
3322,High
4503,High
5661,High
7118,High
7940,High
5109,High
9395,High
6664,High
1732,High
586,High
347,High
6346,High
4941,High
7123,High
6388,High
9311,High
2516,High
728,High
4931,High
5473,High
4146,High
8502,High
3859,High
5331,High
2398,Low
4977,High
4547,High
1819,Low
488,High
30,High
8284,High
6187,High
145,High
6252,High
7094,High
8458,High
6891,High
4074,High
4975,High
9133,High
7212,High
3,High
3881,High
4566,High
5694,High
9255,High
3508,High
1253,High
1642,Low
7113,High
8292,High
5597,High
6657,High
5798,High
4059,High
183,High
3160,High
6054,High
319,High
8039,High
564,High
7640,High
4366,High
8218,High
3452,High
6837,High
3102,Low
4646,Low
9074,High
9360,High
3538,High
990,High
1507,High
9110,High
2395,High
4377,Low
8507,High
2697,Low
713,High
7171,High
7764,High
7375,High
8339,High
6212,High
6462,High
103,High
2519,High
6460,High
5352,High
636,High
5743,High
5464,High
893,High
2632,High
6053,High
9065,High
9615,High
48,High
1933,High
1533,High
607,High
1867,High
7006,High
6202,High
2527,High
6859,Low
4904,High
109,High
4426,High
7599,High
5249,High
4738,High
1755,High
6432,High
9007,High
5310,High
624,High
739,High
9192,High
2565,High
8771,High
5148,High
5667,High
7575,High
8879,High
738,High
5158,High
5737,High
1147,Low
6721,High
1257,High
5,High
2291,High
8755,Low
1467,High
3699,High
7395,High
6765,High
7947,High
5853,High
5545,High
7504,High
6827,High
6101,High
3835,High
7651,High
5014,High
904,High
6312,High
6106,High
9023,High
177,Low
7248,High
4951,High
9152,High
9212,High
391,Low
5843,High
8559,High
2432,High
8920,High
1091,High
8527,High
2353,High
1872,High
9458,High
7158,High
5810,High
8725,High
8420,High
7196,High
4926,High
371,High
5194,High
3354,High
8435,High
6303,High
1107,High
286,High
8046,High
1303,High
3270,High
632,High
7295,High
7288,High
390,Low
265,High
2319,High
6003,High
5390,High
5707,High
6948,High
6621,High
4920,High
7986,High
5326,High
6659,High
4781,High
7630,High
8682,High
3669,High
8280,High
561,High
8967,High
7371,High
8925,High
3799,High
7752,High
5981,High
1530,High
9042,High
2330,High
1165,High
8461,High
1117,High
6878,High
8419,High
6507,High
8372,High
2730,High
6452,High
6959,High
1656,High
7933,High
2714,High
1620,High
7866,High
5779,High
6113,High
7476,High
9011,High
513,High
2356,High
1865,High
8003,High
2148,High
3926,High
8670,High
6369,High
2926,High
7514,High
1479,High
4657,High
5705,High
5446,High
1268,High
9079,High
3864,High
2962,High
23,High
8134,High
5512,High
8275,High
5579,Low
4448,High
7778,High
2397,High
8462,High
6431,High
320,High
3974,High
5634,High
6145,High
4801,High
471,High
3063,High
6867,High
3855,Low
2342,High
6440,High
4584,High
8260,High
1601,High
4624,High
2329,High
376,High
3367,High
7385,High
3234,High
3523,High
8851,Low
8700,High
1945,High
502,High
9554,High
4067,High
4508,High
1599,High
9621,High
2774,High
2400,High
55,High
6484,High
5610,High
2776,High
9403,High
7992,High
4897,High
2041,High
4751,Low
4507,High
1503,High
8488,High
3709,High
5013,High
6768,High
8916,High
8810,High
299,High
8912,High
4491,High
4255,High
2004,High
1692,High
1326,Low
8295,High
3885,High
6894,High
8985,High
8096,High
2806,High
5253,High
3691,High
6589,High
7581,High
2382,High
8304,High
8955,High
7494,High
5027,High
4409,High
3193,High
1536,High
3439,High
5641,High
7441,High
4864,High
5594,High
7193,High
7317,High
930,High
5032,High
626,High
3277,High
4924,High
5117,High
8406,High
6614,High
5092,Low
4458,High
3504,High
7128,High
4785,Low
1680,High
2856,High
4321,High
5314,High
7166,High
5830,High
8822,High
4407,High
6435,High
3991,High
3116,High
8847,High
4783,High
9261,High
908,High
3024,Low
3892,High
6275,High
4060,High
6223,High
7036,High
9061,High
8383,High
3820,High
1590,High
43,High
9654,High
7043,High
7837,High
1679,High
579,High
2391,High
5284,High
2788,High
6707,High
8169,Low
8014,High
4802,High
2326,High
8900,High
4485,High
2369,High
499,High
2017,High
5389,High
6033,High
9404,High
3824,Low
8121,High
5729,High
9363,High
2365,High
7969,High
197,High
8962,High
8501,High
5534,High
7415,High
5727,High
4122,High
7211,High
5578,Low
7256,High
2325,High
2718,High
1646,High
179,High
4421,High
8795,High
3309,High
8817,High
2986,High
3782,High
3945,High
8816,High
1466,High
1516,High
2334,High
6000,High
4819,High
1392,Low
5883,High
9116,High
2528,High
